ra_game_id,title,category,achievements,status,dat_games,nointro_db_titles
38188,~Homebrew~ Bloxorz,Homebrew,9,dat_only,Bloxorz (World) (v1.1) (Aftermarket) (Unl),
19447,Famicom Mini Vol. 21: Super Mario Bros. 2,Official,50,nointro_db_only,,Famicom Mini 21 - Super Mario Bros. 2 (Japan)
36943,~Hack~ Fire Emblem: The Hag in White,Hack,82,unmatched,,
26383,~Hack~ Just What Do I Need,Hack,13,unmatched,,
19681,~Hack~ Metroid: Return to Zebes,Hack,40,unmatched,,
17723,~Hack~ Pokemblem,Hack,59,unmatched,,
38619,~Hack~ Pokemblem [Subset - Challenge Runs],Hack,172,unmatched,,
33298,~Hack~ Pokémon Elysium,Hack,109,unmatched,,
32839,~Hack~ Pokémon Emerald Imperium,Hack,116,unmatched,,
34108,~Hack~ Pokémon Lazarus,Hack,63,unmatched,,
38562,~Hack~ Pokémon Lazarus [Subset - Monotype Challenge],Hack,180,unmatched,,
28350,~Hack~ Pokémon Puffy Pink,Hack,44,unmatched,,
41205,~Hack~ Pokémon: No Center Challenge,Hack,40,unmatched,,
37577,~Hack~ Pokémon: Too Many Types 2,Hack,57,unmatched,,
37882,~Homebrew~ Crypt Sweeper,Homebrew,32,unmatched,,
38061,~Homebrew~ Gold Miner,Homebrew,8,unmatched,,
28390,~Homebrew~ MarioBreak!,Homebrew,9,unmatched,,
42809,~Homebrew~ Pixel Pup,Homebrew,18,unmatched,,
37814,Final Fantasy IV: Advance [Subset - LLIEG],Official,20,unmatched,,
40413,Kingdom Hearts: Chain of Memories [Subset - Level 1],Official,39,unmatched,,
38017,Kirby: Nightmare in Dream Land [Subset - Single Ability Runs],Official,140,unmatched,,
20086,Nintendo e-Reader [Subset - Kirby Puzzle],Official,6,unmatched,,
5007,Nintendo e-Reader [Subset - Mario Party-e],Official,11,unmatched,,
20209,Nintendo e-Reader [Subset - Pokémon-e TCG],Official,36,unmatched,,
37604,Super Mario Advance Series [Subset - Mario Bros],Official,24,unmatched,,
